order,genotype,accession,mean_volume,measure_sd1,ND246,PI550490,4036794.5,NA2,CO255,Ames27050,3667265.5,2008635.553,F42,PI601026,3164269.6,739298.424,CS405,PI559916,2937982.8,1351863.575,F7,PI257507,2914348.2,693275.256,P39Goodman-Buckler,Ames28186,2690244.6,1572974.377,NC324,Ames27158,2651580.5,1035758.98,Il677a,Ames27120,2548605.2,979898.129,A554,PI587138,2502481.8,725522.7610,NC326,Ames27159,2275597.8,240823.5511,S8324,PI601611,2250207,978411.8912,LP5,PI601378,2228557.8,795993.5713,Mo18W,PI550441,2203116.4,734964.5414,PHG35,PI601008,2151031.8,972298.3915,PB80,PI601441,2119542.4,300082.0416,NS701,PI601417,2110086.5,527826.5717,NC306,Ames27149,2106921,561308.1918,LH85,PI601405,2103599.7,422673.919,NC328,Ames27160,2027232.1,966117.7520,207,PI601005,1972329.5,587175.1421,H8431,PI601610,1972168.5,309335.8622,778,PI601375,1952568.1,526718.7723,792,NSL243016,1951950.1,NA24,B109,PI597927,1910229.7,65924.4925,DJ7,PI601191,1904178,428148.4126,B73Htrhm,Ames27065,1884286.9,482035.6627,CML258,Ames27090,1869626.8,688703.7228,CO106,Ames27105,1864996.4,524459.5929,A680,Ames23503,1849144.7,682817.2230,R229,PI592734,1847927.8,703279.4131,779,PI601376,1832835.4,56620332,Tzi10,PI506248,1803440,66158.7833,807,PI601430,1787744.3,200682.1434,PHR36,PI601361,1785375.7,252855.6135,NC294,Ames27143,1780333.9,180773.9336,764,PI601374,1773215.7,379332.4937,NC310,Ames27151,1737940.2,282403.1538,B164,Ames27066,1731513.4,263736.4339,NC368,Ames27180,1727778.6,NA40,CM7,Ames27070,1717634.6,322764.4941,W117Ht,Ames8399,1716065,751408.7742,Tzi8,PI506246,1695440.7,648122.8243,B73,PI550473,1676948.8,55270.3444,LH1,PI644101,1664021.7,271030.745,EP1,Ames27111,1662566.7,637816.3546,W182B,Ames19330,1661718.2,425827.2447,Oh603,PI573098,1641366,437767.6848,CR1HT,PI601080,1641299,336722.5249,C49A,Ames27067,1624930.9,789810.4950,ICI740,PI559382,1621501.4,446730.8151,SD40,PI606768,1620602.6,315085.1852,A679,PI587142,1602993.7,29495853,N192,PI550566,1601356.4,460589.1854,W153R,PI587154,1598830.2,589680.155,PHG83,PI601229,1582982.8,431360.4556,CMV3,Ames27038,1578749.2,235693.0657,CI21E,CIze21,1558495.3,502230.7958,PHT77,PI601499,1543770.3,337060.5259,PHG86,PI601442,1542939.5,732465.5360,Il101T,Ames27119,1541356.3,144691.1661,CML323,Ames27097,1533821.2,222418.562,F118,PI555462,1532164.8,175474.7163,CR14,PI601683,1529734.3,293032.2764,PHW43,PI601792,1520740.9,637531.0365,LH208,PI547088,1497712.1,222880.3266,W22,NSL30053,1490384.4,1184912.3567,L127,PI601726,1478571.9,476417.6668,MQ305,PI559917,1473275.9,666809.7269,CS608,PI560316,1461292,608728.0670,4226,NSL30904,1442967.7,305515.0771,CML218,Ames27086,1440029.6,486980.6672,4676A,PI601300,1421062.8,225623.6573,LH145,PI600959,1413976.7,299643.7374,Va85,Ames27193,1413659.9,191029.8275,N28Ht,Ames27138,1413424.3,124813.6676,PHJ40,PI601321,1409252.8,244418.4777,Ab28A,Ames18999,1404880.1,457193.1178,LH57,PI601317,1385980.7,117025.0779,LH183,PI564755,1385235.5,485204.9880,B52,PI550454,1379777.4,NA81,CML328,Ames27098,1374967.3,559420.5982,ZS365,PI574393,1374713.8,97147.1683,2FACC,PI601808,1369651.7,582164.5784,MEF156-55-2,Ames27135,1365136.8,66921.6285,H49,Ames15929,1365010.9,402992.0986,FAPW,PI600958,1360710.1,1204060.4287,WD,Ames27195,1360454.3,NA88,LH82,PI601170,1358663.2,350267.3489,IA2132Goodman-Buckler,Ames28364,1357562.9,393545.290,A659,NSL81599,1349504.7,326222.3891,CML5,Ames27071,1345450.9,551802.8892,B2,Ames26769,1339806.7,410605.493,A188,Ames22443,1328312.2,368460.4294,OH7B,Ames19323,1324992.1,357249.8295,ML606,PI583774,1317930.3,250414.4296,H99,PI587129,1314404,437696.7797,K55,Ames22754,1306112.2,618102.6498,CML92,Ames27080,1303392.8,277820.4299,CI90C,Ames22440,1301479.1,96506.99100,Sg1533,PI587132,1301002,573768.26101,R109B,NSL242484,1299140.7,119248.41102,LH39,PI600944,1297833.5,NA103,PHN11,PI601497,1295256.4,172036.65104,CI28A,CIze28,1293403.1,158772.43105,Mo44,Ames28939,1291790.9,104331.42106,LH74,PI600957,1289633.7,237676.65107,NC230,Ames12731,1287614.4,312519.17108,FR19,PI600772,1280369.3,523559.17109,MO1W,PI558520,1277418.5,655529.26110,3IIH6,PI564754,1269106.9,420647.96111,Tzi11,PI540745,1265796,70832.74112,A6,Ames27062,1262724.6,331287.4113,B37,PI550467,1257152.5,364003.79114,Q381,PI601190,1251769.4,182458.84115,PHG47,PI601318,1249093.4,539728.52116,PHZ51,PI601322,1248718.4,264952.78117,F44,NSL22893,1239542.8,63828.42118,LH146Ht,PI601402,1235580.2,173191.93119,CML77,Ames28185,1228588.6,345883.45120,CML261,Ames27091,1227928.2,192211.87121,A239,Ames23405,1223096.9,288373.38122,GA209,Ames10248,1216357.8,289268.74123,Ki11,Ames27124,1215499.5,302752.87124,T232,PI550522,1213891.6,319690.59125,NC300,Ames27146,1212490.9,439544.74126,Os420,NSL65874,1212102.7,201498.57127,Sg18,NSL75979,1211952.7,489268.71128,A641,Ames19311,1208588.4,766572.3129,N7AGoodman-Buckler,Ames28366,1205809,345367.07130,MBNA,PI601209,1201890.8,417905.27131,PHW65,PI601501,1199511.6,NA132,PHG50,PI601006,1197649.9,162253.41133,CML281,Ames27092,1197201.3,185618.42134,B105,PI594048,1192425.4,113194.16135,CO125,Ames27106,1189568.9,413108.52136,Mt42,Ames20140,1188944,NA137,W64A,PI587152,1186039.4,295474.24138,AQA3,PI564749,1185039.1,126209.15139,E8501,PI601724,1184619.5,222132.45140,78010,PI601211,1171838,417160.16141,11430,PI601558,1171472.2,394663.06142,B75,PI608774,1170215.4,191752.22143,SD44,PI524969,1166728.6,251381.45144,PHG84,PI601320,1162262.5,376362.36145,CM105,PI587124,1162179.5,311052.8146,Oh43E,Ames27183,1161162.6,199394.69147,OQ403,PI559920,1156968.3,434440.81148,CML321,Ames27095,1151602.8,NA149,Va22,Ames19328,1149987.2,362743.02150,NC33,Ames27139,1146485.9,292548.11151,SC55,Ames27189,1145120.2,332411.12152,NC260,Ames27140,1143715.4,420230.81153,LH51,PI600955,1136102.1,234168.05154,38-11,Ames26604,1135569.7,144312.71155,CI91BGoodman-Buckler,Ames28365,1129786.8,313207.06156,Florida32,PI644100,1127746.9,11099.19157,F2834T,Ames27112,1125305.5,620170.76158,CML14,Ames27074,1125169.8,657141159,6F629,PI546483,1123434.7,41166.91160,Ia5125B,Ames27117,1122178,129137.33161,Hi27Goodman-Buckler,Ames28291,1120663.9,196010.56162,Ky21,Ames27130,1116168.2,100825.63163,PHG72,PI601319,1114721.3,328649.46164,CH701-30,Ames27069,1114396.9,313745.99165,KY226,Ames27131,1114113.2,162393.22166,Va35,PI587150,1113221.5,281205.29167,CM37,Ames20190,1104359.2,238531.87168,Tzi25,PI506255,1101394.4,NA169,29MIBZ2,PI548830,1100574.6,383335.79170,LH143CMS,PI601003,1099279.8,328108.57171,NC340,Ames27166,1098834.1,158702.97172,Ki3,Ames27123,1098822.9,177812.22173,I137TN,Ames27116,1097186.6,347829.92174,LH38,PI600791,1096961.7,123705.74175,33-16,Ames26771,1096597.7,208039.78176,CML11,Ames27258,1092895.5,333628.14177,Va26,PI587149,1088909.8,16654.35178,S8326,PI601612,1087662,187033.11179,PHW17,PI601362,1085312.4,327190.32180,Va59,Ames19016,1083961.3,137376.61181,K4,NSL30038,1083439,279499.66182,NC364,Ames27178,1082201.6,145026.98183,2MA22,PI601560,1081013.4,389430.07184,793,PI601492,1080314,293746.26185,CML157Q,Ames27084,1079802.3,671438.64186,Va99,Ames24989,1076556.6,419861.04187,BO9,PI601007,1074549.8,459899.26188,PHH93,PI601567,1069037,484910.64189,MBST,PI601566,1064763.1,301439.32190,Tzi18,PI506253,1064183.9,137852.43191,Pa91,PI587147,1056876,409814.89192,A619,PI587139,1051960.9,157564.7193,CML158Q,Ames27085,1051059.5,410476.57194,HBA1,PI601172,1044847.2,160636.12195,KY228,PI587136,1042818.6,567116.71196,LH123HT,PI601079,1032539.1,33841.96197,MS153,Ames24734,1027015.1,409433.79198,FBHJ,PI601439,1024712.3,489226.6199,H95,Ames19319,1017480.5,59772.61200,R177,NSL30894,1008475.8,200775.23201,M37W,Ames27133,1003984.6,200659.4202,C103,Ames19284,994119.6,71051.01203,CML333,Ames27101,993151.1,218129.68204,PHV63,PI601500,988201.5,266231.78205,CI66,PI587148,985646.9,256157.06206,78004,PI601210,984262.3,223600.01207,T8,PI550518,982084.4,211802.32208,Mo24W,PI587144,981513.8,437447.25209,NQ508,PI559918,979098.3,293901.57210,N6,Ames27137,975208.1,233916.5211,CI31A,Ames21512,969854,319244.06212,PHG71,PI601150,960920.9,284197.63213,CML10,Ames27072,960752.9,278584.9214,Mo47,PI583352,955152.4,141792.04215,PHK76,PI601496,951513.7,370756.8216,I205,NSL65871,950130.3,204242217,Pa762,Ames27184,947510.2,95973.18218,H105W,PI587127,938524.1,111955.88219,LH150,PI601230,938344.2,252202220,CM174,Ames19316,937176.2,141171.47221,CI3A,Ames26116,935202.8,319545.07222,CML341,Ames27102,933089.1,167965.52223,NC362,Ames27177,932188.4,334843.97224,KUI2021,Ames27129,927660.1,468751.98225,78551S,PI601562,924540.3,425387.66226,SeagullSeventeen,PI600751,922795.3,183121.02227,Mo45,PI583350,922118.6,124240228,A272,Ames27063,921622.1,511971.72229,CML247,PI595541,917642.3,84032.32230,Pa875,Ames27185,916941.1,106807.85231,NC356,Ames27174,912610.3,270074.31232,B115,PI615190,912493.8,120694.96233,CH9,Ames27068,910012.2,216338234,NC232,Ames12732,908981.4,278080.25235,Pa880,PI517974,908570.6,300898.29236,A661,PI607521,908308.6,327231.43237,LH93,PI601171,900680.9,216139.65238,CQ702RC,PI566938,898035.8,248195.59239,NC238,Ames12735,890434.9,87718.55240,CI7Goodman-Buckler,Ames28367,888239,28553.05241,VaW6,Ames19000,887571.4,34717.33242,Ill.Hy,Ames26808,887122.9,56017.86243,CML103,Ames27081,883886.3,265408.46244,B76,PI550483,880846.6,219620.72245,Va17,Ames19002,869337.9,277586.16246,NC360,Ames27176,865752.9,271755.32247,Mo46,PI583351,864562.9,297942.36248,H84,PI587128,863707.7,394693.78249,LH52,PI601360,859418.1,179468.07250,Ki14,Ames27259,856650,232132.82251,FBLA,PI546482,852397.9,193677.89252,NS501,PI601583,845169.7,231850.68253,LH213,PI547090,843611.1,136866.19254,CML108,Ames27082,843431.2,357806255,B97,PI564682,842793,186437.93256,NC304,Ames27148,840124.1,257588.65257,I29,Ames27115,838322.6,151936.93258,M162W,Ames27134,830510.6,NA259,A632,PI587140,829337.7,122075.21260,PHG39,PI600981,823965.2,301387.42261,PHWG5,PI559954,817972,267426.51262,Oh43,Ames19288,816930.4,300757.45263,CI187-2,Ames26138,806741.6,85889.01264,IDS28,Ames24575,806057.7,294517.41265,DE811,PI550558,805438,46322.07266,GT112,Ames27113,804814.9,505386.18267,NC338,Ames27165,802695.9,388120.52268,LP1NRHT,PI600729,795792,85241.46269,B46,PI550469,795607.9,66342.22270,CML332,Ames27100,789947.6,318140.73271,F6,NSL22894,789246.5,92166.7272,R4,Ames27187,784337.9,78468.2273,Va14,Ames27192,783689.7,168034.7274,NC250,PI550555,781174.4,232534.03275,CML314,Ames27094,779945.8,104122.72276,L317,NSL65873,779340.8,238009.17277,Wf9,Ames19293,778307,129205.6278,H91,Ames27114,777871.6,NA279,Tx303,Ames19327,775381.9,128567.01280,NC290A,Ames27141,772091.1,203675.21281,RS710,PI539930,767900,135277.3282,L578,Ames27132,766594.1,371631.9283,B77,PI608765,765965,232247.2284,NC354,Ames27173,764414.8,44800.55285,IDS69,Ames24576,764034.2,NA286,A556,Ames23450,762506.4,86706.49287,NC344,Ames27168,759998,177743.16288,C123,Ames19313,759678.9,212101.31289,SC213R,NSL53083,759611.4,297004.58290,A214N,PI406112,755878.8,NA291,A635,Ames19309,752168.4,161507.43292,CML228,Ames27088,751791.2,76900.68293,Tx601,Ames22763,751297.9,252890.56294,CML45,Ames27076,750749.4,214278.06295,CML331,Ames27099,749090.9,232347.2296,MoG,Ames27136,748717.8,152631.04297,Oh40B,NSL28966,742470.9,164110.43298,WIL500,PI601689,739706.7,372030.27299,B103,PI594046,738338.1,229048.05300,POP-N-EAT,PI600742,737541.7,221383.2301,Il14H,Ames27118,735992.6,NA302,Mo17,PI558532,734260.5,209797.41303,Ki44,Ames27260,731903.5,403299.51304,NC262,PI531085,730964.9,238790.54305,Tzi9,PI506247,729835.2,31176.63306,Tzi16,PI540747,729121.2,NA307,A441-5,Ames27064,725257.4,NA308,NC302,Ames27147,722700.4,221838.37309,78371A,PI601438,720855.7,51066.85310,U267Y,Ames27191,719296.4,388646.84311,NC366,Ames27179,719062.1,101941.42312,T234,Ames27190,717398.8,37267.4313,Yu796_NS,Ames27196,714778.8,136167.29314,ZS01250,PI595616,714556.7,196755.55315,CML220,Ames27087,713736.6,47956.73316,CML264,PI595544,713155,263491.53317,D940Y,Ames27108,708919.6,NA318,A654,PI587141,707977.5,NA319,DE2,PI606330,698602.4,311452.72320,SC357,NSL53094,696584.8,228559.83321,NC336,Ames27164,692462.5,125058.37322,LH54,PI601316,692365.1,107440.34323,M14,NSL30867,690771,48863.47324,Va102,PI587151,681330.4,325800.73325,CML277,PI595550,679196.2,100010.18326,B84,PI608767,675835.6,202037.29327,A682,PI587143,674863.5,294132.82328,NC358,Ames27175,674235.9,128860.89329,MDF-13D,PI600956,668848.4,96927.89330,BlackJewell85,PI601081,668203.5,NA331,5707,PI601269,660435.3,236193.18332,4722,PI587130,656802.9,NA333,B10,NSL65865,650977.3,278291.34334,E2558W,Ames27110,644511.3,148985.45335,NC236,Ames12734,643255.6,209857.51336,A634,Ames19308,642084.9,124555.47337,CI64,Ames19314,640452,44579.6338,CML254,PI595542,640055.8,61542.15339,NC318,Ames27155,639240,120440.08340,CML38,PI595534,639202.6,42544.04341,Ki43,Ames27126,637954.5,52862.63342,CML311,Ames27093,630411.4,214162.88343,IDS91,Ames24577,628879.6,NA344,SA24,Ames27188,627764,133129.82345,CML69,Ames28184,619217.3,199103.19346,CML61,Ames27078,606928.1,216199.44347,DE1,PI606329,604692.3,558784.57348,NC342,Ames27167,596446,75741.7349,G80,PI601037,593162.3,69018.01350,NC222,Ames12729,589860.3,128970.75351,HP301,PI587131,585710,52437.65352,NC348,Ames27170,574449,120060.93353,NC264,PI520774,571203.3,199967.49354,R168,Ames19326,571072.2,236917.47355,K148,Ames27122,569221.8,240009.47356,NC320,Ames27156,568242.9,128933.35357,B14A,PI550461,556750.3,153702.07358,Ki21,Ames27125,554739.4,32448.59359,CML238,Ames27089,554605.8,106301.35360,MS71,PI587137,549491.4,68681.98361,K64,Ames27121,546083,47643.83362,NC352,Ames27172,543610.1,63207.07363,Mp339,PI543916,541793.4,108427.39364,B79,PI608766,535034,NA365,NC258,PI531084,532686.8,48387366,NC296A,Ames27145,527310.5,98356.42367,HB8229,PI601564,525311,222217.19368,CML287,PI595565,519147.6,78731.28369,CML154Q,Ames27083,518460.4,245212.5370,B68,PI550465,507821.4,57852.24371,DE3,Ames27109,505624.6,69950.9372,MS1334,Ames24752,500907.8,38721.83373,B64,PI550440,500793.3,118427.02374,LH60,PI601404,497860,104414.27375,NC346,Ames27169,495499.6,78230.13376,CML52,PI595561,494424,NA377,CML322,Ames27096,489637.9,107044.89378,CML91,Ames27079,480869.3,54774.81379,B104,PI594047,479194.9,32213.2380,NC314,Ames27153,462276.6,NA381,B57,PI550472,461595.5,99841.94382,NC296,Ames27144,458462.3,70161.06
